,Country,score,C,E,P,S,X,code,elev,Conflict Stock Displacement,Conflict New Displacements,Disaster New Displacements,percent_arable_land,prevalence_undernourishment,control_of_corruption,government_effectiveness,political_stability,rule_of_law,Jan_Temp,Feb_temp,Mar_temp,Apr_Temp,May_temp,Jun_Temp,July_Temp,Aug_Temp,Sept_temp,Oct_temp,Nov_Temp,Dec_temp,Annual_temp,voice_and_accountability
0,Afghanistan,35.4,28.2,23.9,27.6,18.4,9.8,AFG,1884.71,1174000,335000,71000,11.89382103,11.89382103,-1.341970086,-1.322988749,-2.571221828,-1.504045248,0.07,2.11,7.6,13.37,18.22,23.2,25.26,23.77,19.03,12.99,7,2.43,12.92,-1.117505312
1,Albania,13.2,15.9,16.5,16.2,7.2,6.1,ALB,911.4299,,,4200,22.44890511,22.44890511,-0.479021192,0.010404494,0.34612906,-0.328226447,2.02,3.22,6.04,9.92,14.44,17.93,20.54,20.48,17.16,12.27,7.58,3.65,11.27,0.157129541
2,Algeria,8.7,23.9,17.5,20.7,12.1,5.4,DZA,572.8028,,,19000,3.133045589,3.133045589,-0.662879586,-0.500323355,-1.090159774,-0.868520021,12.12,14.79,17.91,21.94,26.41,30.8,32.54,31.97,28.82,23.34,17.31,12.95,22.58,-0.838549674
3,Angola,32.6,20.5,21.2,24.5,16.3,5.6,AGO,1112.805,,,5600,3.930376193,3.930376193,-1.394753456,-1.000091553,-0.500897765,-1.081933975,22.58,22.68,22.78,22.35,20.74,18.37,17.95,19.9,22.19,23.18,22.79,22.61,21.51,-1.177190065
4,Argentina,5,11.4,13.3,13.1,5.8,4,ARG,595.62,,,36000,14.323873,14.323873,-0.547045171,-0.07490325,0.01478538,-0.770812094,20.8,19.9,17.51,14.05,10.65,7.66,7.42,9.02,11.53,14.67,17.54,19.83,14.22,0.411753088
5,Armenia,11.2,17.7,17,17.6,10.6,6.8,ARM,1792.034,8400,,,15.69020021,15.69020021,-0.533811212,-0.16071257,-0.252332628,-0.387850553,-8.66,-6.65,-0.57,6.62,11.43,15.58,19.82,19.28,14.97,7.92,1.62,-4.87,6.37,-0.536270857
6,Azerbaijan,10,21,14.3,22.4,12.7,6.9,AZE,750.5538,564000,,,23.44095907,23.44095907,-0.929962456,-0.257282048,-0.729565561,-0.673693717,-0.2,0.8,4.97,11.64,16.8,21.73,24.76,24.11,19.83,12.88,7.33,2.03,12.22,-1.552303314
7,Bahrain,,21.5,11.8,18.5,7.2,5.3,BHR,,,,,2.075226978,2.075226978,0.138852224,0.559969604,-1.073540211,0.425056159,,,,,,,,,,,,,,-1.312996626
8,Bangladesh,27.3,25.7,21.4,24.3,14.7,5.7,BGD,85.4761,426000,,531000,59.64669279,59.64669279,-0.808318794,-0.723579228,-1.212017894,-0.751279891,18.63,21.02,25.42,28.02,28.45,28.46,28.3,28.39,28.36,27.17,23.7,19.74,25.47,-0.512025654
9,Belarus,5,21.7,14.7,21.7,9.7,7.8,BLR,160.8277,,,,28.01734759,28.01734759,-0.335035771,-0.458772182,0.110016517,-0.812937558,-6.8,-5.5,-0.69,6.92,13.44,16.54,17.72,16.95,12.42,6.9,1.21,-3.58,6.29,-1.464999676
10,Benin,21.8,16.2,20.9,20.4,14.2,7.1,BEN,273.4081,,,,23.94466123,23.94466123,-0.560777724,-0.621204197,-0.013513958,-0.535739422,26.57,28.69,30.14,30.2,28.93,27.13,25.84,25.44,25.9,27.15,27.15,26.39,27.46,0.29881677
11,Bhutan,,20.4,19.4,18.1,12.9,7.9,BTN,2220.219,,,2900,2.628748328,2.628748328,1.022311449,0.40649128,0.974714994,0.522356212,0.56,2.17,5.68,8.78,11.53,14.39,14.8,14.59,13.35,9.69,5.29,2.07,8.58,-0.034825899
12,Bolivia,16.9,21.1,20.4,19.8,10.5,6.2,Unknown code,,,,,,4.128588572,,,,,,,,,,,,,,,,,,
13,Bosnia & Herzegovina,5,,,,,,Unknown code,,,,,,,,,,,,,,,,,,,,,,,,
14,"Congo, Dem. Rep.",,,,,,,Unknown code,,,,,,3.131823295,,,,,,,,,,,,,,,,,,
15,"Congo, Rep.",26.6,,,,,,Unknown code,,,,,,1.610541728,,,,,,,,,,,,,,,,,,
16,Cå»te d'Ivoire,26.3,,,,,,Unknown code,,,,,,,,,,,,,,,,,,,,,,,,
17,"Egypt, Arab Rep.",13.5,,,,,,Unknown code,,,,,,2.909096389,,,,,,,,,,,,,,,,,,
18,"Gambia, The",21.5,,,,,,Unknown code,,,,,,43.47826087,,,,,,,,,,,,,,,,,,
19,"Iran, Islamic Rep.",6.8,,,,,,Unknown code,,,,,,9.017289226,,,,,,,,,,,,,,,,,,
20,Kyrgyz Republic,9.4,23.2,19.8,20.6,11.7,6.9,Unknown code,,,,,,6.676746611,,,,,,,,,,,,,,,,,,
21,Lao PDR,28.5,,,,,,Unknown code,,,,,,6.60745234,,,,,,,,,,,,,,,,,,
22,"Macedonia, FYR",5.9,,,,,,Unknown code,,,,,,16.45519429,,,,,,,,,,,,,,,,,,
23,Moldova,9.1,20.9,18,17.1,9.7,7.3,Unknown code,,,,,,55.45786431,,,,,,,,,,,,,,,,,,
24,North Korea,28.8,23.4,21.2,28.6,11.8,8.8,Unknown code,,,,,,,,,,,,,,,,,,,,,,,,
25,Slovak Republic,5.2,11.9,13.3,9.3,4.8,3.3,Unknown code,,,,,,28.75296369,,,,,,,,,,,,,,,,,,
26,Tanzania,28.7,16.9,20.7,20.7,15.2,7.3,Unknown code,,,,,,15.2404606,,,,,,,,,,,,,,,,,,
27,Trinidad & Tobago,8.3,,,,,,Unknown code,,,,,,,,,,,,,,,,,,,,,,,,
28,"Venezuela, RB",7,,,,,,Unknown code,,,,,,3.061050961,,,,,,,,,,,,,,,,,,
29,Vietnam,14.7,18.5,16.9,21.1,10.8,5.1,Unknown code,,,,,,22.5690973,,,,,,,,,,,,,,,,,,
30,"Yemen, Rep.",34.2,,,,,,Unknown code,,,,,,2.363770669,,,,,,,,,,,,,,,,,,
31,Congo Democratic Republic,,28.5,23.8,28.7,18.9,9.8,Unknown code,,,,,,,,,,,,,,,,,,,,,,,,
32,Syria,,29.9,21.9,28.1,18.1,9.9,Unknown code,,,,,,,,,,,,,,,,,,,,,,,,
33,Cote d'Ivoire,,26.1,21.7,25.4,17.1,9.7,Unknown code,,,,,,9.119496855,,,,,,,,,,,,,,,,,,
34,Guinea Bissau,,24.1,25.6,25.4,16,8.8,Unknown code,,,,,,,,,,,,,,,,,,,,,,,,
35,Congo Republic,,20,21.4,25.7,16.1,7.6,Unknown code,,,,,,,,,,,,,,,,,,,,,,,,
36,Iran,,25.9,19.2,23.2,11.9,7,Unknown code,,,,,,,,,,,,,,,,,,,,,,,,
37,Laos,,20.6,19.8,24.8,12.7,6.6,Unknown code,,,,,,,,,,,,,,,,,,,,,,,,
38,Russia,,26.5,15.3,21.5,10.8,5.9,Unknown code,,,,,,,,,,,,,,,,,,,,,,,,
39,Israel and West Bank,,24.8,14.6,19,13.4,7.6,Unknown code,,,,,,,,,,,,,,,,,,,,,,,,
40,Venezuela,,21.9,18.4,24.1,9.9,4.3,Unknown code,,,,,,,,,,,,,,,,,,,,,,,,
41,Cape Verde,,15.2,22.3,16.7,11.2,8.1,Unknown code,,,,,,,,,,,,,,,,,,,,,,,,
42,Micronesia,,14.7,25.5,14.8,10.3,8.3,Unknown code,,,,,,,,,,,,,,,,,,,,,,,,
43,Macedonia,,19.4,16.8,13.8,8.6,5.9,Unknown code,,,,,,,,,,,,,,,,,,,,,,,,
44,Czech Republic,,10.7,10.8,9.4,3.9,2.6,Unknown code,,,,,,40.61124061,,,,,,,,,,,,,,,,,,
45,South Korea,,9.3,9,8.3,4.3,5.4,Unknown code,,,,,,,,,,,,,,,,,,,,,,,,
46,Botswana,23.1,12.2,19.1,14.2,12.7,4.6,BWA,1013.629,,,250,0.70403896,0.70403896,0.849635243,0.497423857,1.042091846,0.595487714,26.31,25.42,24.3,21.42,17.6,14.29,14.21,17.16,21.36,24.28,25.5,25.89,21.48,0.436190367
47,Brazil,5,16.7,15.7,16.8,10.7,2.7,BRA,319.2997,,,59000,9.573541482,9.573541482,-0.396478355,-0.183996126,-0.331458092,-0.147071302,25.58,25.65,25.49,25.05,24.19,23.29,23.24,24.23,25.13,25.73,25.74,25.66,24.92,0.458814234
48,Bulgaria,8.5,14.6,15.7,12.6,7.7,4.8,BGR,421.2224,,,820,32.32958732,32.32958732,-0.264636964,0.208816484,0.017322188,-0.097000144,-1.18,0.87,4.7,9.92,14.99,18.64,20.85,20.49,16.85,11.48,5.95,1.21,10.4,0.432537317
49,Burkina Faso,31.8,20.2,22.1,23.2,16.2,7.5,BFA,297.8957,,,3700,21.92982456,21.92982456,-0.283615232,-0.586617649,-0.611107409,-0.527029812,25,27.84,30.63,32.05,31.47,29.23,27.11,26.36,26.97,28.71,27.47,25.25,28.18,-0.112959318
50,Burundi,,23.6,23,24.9,18.2,8.4,BDI,1504.207,99000,23000,3100,46.72897196,46.72897196,-1.242423058,-1.159004688,-1.939510822,-1.166668534,20.24,20.39,20.43,20.37,20.05,19.37,19.36,20.44,21.16,20.98,20.24,20.17,20.27,-1.288651705
51,Cambodia,22.6,22.3,21,24.4,12.8,7.4,KHM,126.4433,,,8900,21.52730569,21.52730569,-1.117967606,-0.699413061,0.061942287,-0.978473485,24.87,26.53,27.93,28.94,28.49,27.73,27.35,27.27,26.96,26.6,25.82,24.8,26.94,-1.122556925
52,Cameroon,24.2,24.8,21.5,25.2,15.8,7,CMR,667.4828,124000,71000,11000,13.11586385,13.11586385,-1.074333429,-0.773310483,-0.989607453,-0.975390732,23.88,25.36,26.27,26.43,25.52,24.34,23.37,23.29,23.73,24.28,24.25,23.61,24.53,-0.954875112
53,Central African Republic,46.9,29.4,24.9,29.4,18.4,9.8,CAF,635.7053,452000,210000,1100,2.889338342,2.889338342,-1.308037281,-1.784717083,-1.904764652,-1.684809923,24.28,26.01,26.96,26.76,25.88,24.65,23.77,23.71,23.84,24.31,24.25,23.65,24.84,-1.225461721
54,Chad,46.4,26.5,25.5,28.4,19.7,8.3,TCD,543.3225,107000,36000,,3.891359593,3.891359593,-1.363942981,-1.461070895,-0.974552572,-1.183280706,20.66,23.1,26.55,29.55,31.03,30.75,29.26,28.21,28.36,27.23,23.8,21.29,26.65,-1.335111856
55,Chile,5,8.9,11.9,10.9,7.2,2.6,CHL,1871.129,,,1047000,1.765895752,1.765895752,1.27995646,1.086323857,0.433439225,1.344096303,12.68,12.2,10.87,8.62,6.29,4.4,4.04,4.84,6.32,8.22,10.12,11.85,8.37,1.004418135
56,China,8.6,21.4,15.4,23.4,13,3.2,CHN,1839.95,,,3602000,12.6754714,12.6754714,-0.282098532,0.408017337,-0.550294638,-0.409794658,-8.49,-5.91,0.49,7.59,13.07,17.07,19.37,18.48,13.87,7.37,-0.49,-6.51,6.33,-1.660686493
57,Colombia,8.8,22.9,18,20.4,14.7,6.5,COL,593.12,6270000,224000,4600,1.521946823,1.521946823,-0.29816556,-0.036017831,-1.069146633,-0.268413424,24.62,24.98,25.14,24.75,24.35,23.89,23.79,24.04,24.21,24.29,24.38,24.39,24.4,0.003917276
58,Comoros,,19.7,22.8,20.9,12.1,7.8,COM,,,,,34.92745836,34.92745836,-0.719098568,-1.5220474,-0.232791469,-0.815206766,25.09,25.11,25.2,24.98,23.96,22.5,21.97,22.18,22.8,23.91,24.9,25.24,23.99,-0.291163325
59,Costa Rica,5,11.6,13.3,9.5,8,4.3,CRI,746.2103,,,1100,4.543674109,4.543674109,0.748421431,0.37576279,0.682025492,0.504753351,23.17,23.67,24.62,25.04,24.6,23.99,24.05,23.85,23.68,23.43,23.06,23.04,23.85,1.151499629
60,Croatia,5,14.1,13.6,10.4,8.5,4.4,HRV,331.5601,,,1000,15.08398856,15.08398856,0.245227292,0.51401335,0.590728045,0.200360253,-0.16,2.09,5.83,10.25,14.76,17.99,20.04,19.67,16.36,11.35,5.96,1.53,10.47,0.55546391
61,Cuba,5,17.2,16.1,19,10.1,5,CUB,108.2346,,,2000,28.97231302,28.97231302,0.070488244,0.02187958,0.644101679,-0.701458991,22.21,22.39,23.75,24.79,26.06,26.91,27.44,27.43,26.98,26.06,24.5,23.05,25.13,-1.558034897
62,Djibouti,33.2,20.8,21,22.6,15.3,8.4,DJI,430.256,,,,0.086281277,0.086281277,-0.657611907,-0.954309046,-0.443531573,-0.922180951,23.31,24.14,25.75,27.37,29.2,31.39,32.38,31.83,30.09,27.4,25.18,23.67,27.64,-1.412069201
63,Dominican Republic,10.8,17.2,19.2,18.3,10.6,5.9,DOM,424.8582,,,28000,16.55971848,16.55971848,-0.818429589,-0.357235849,0.236706421,-0.512686312,21.76,22.1,22.88,23.81,24.38,25.01,25.21,25.64,25.35,24.73,23.75,22.52,23.93,0.154249504
64,Ecuador,14,22.7,18.3,18.4,10.9,5.6,ECU,1117.178,,,1900,4.297793526,4.297793526,-0.67123884,-0.442261696,-0.143955871,-1.028905153,21.71,21.78,21.93,21.96,21.54,20.87,20.41,20.71,20.97,21.26,21.3,21.5,21.33,-0.211751625
65,El Salvador,11.1,17.1,19.4,17.6,12,5.3,SLV,442.0164,,170000,2000,36.1969112,36.1969112,-0.423664808,-0.235498786,-0.016997365,-0.585063934,23.95,24.48,25.7,26.35,25.9,24.87,25.16,24.94,24.3,24.23,23.79,23.59,24.77,0.1523709
66,Eritrea,,21.9,23.1,27.1,16.6,8.2,ERI,853.3859,,,,6.831683168,6.831683168,-1.301119447,-1.59330833,-0.876751304,-1.487505198,22.25,23.1,24.83,26.87,28.46,29.18,28.28,27.64,27.49,26.7,24.93,23.09,26.07,-2.106695175
67,Estonia,5,15.1,10.8,8.6,6.2,3.1,EST,61.9125,,,,15.79853739,15.79853739,1.293634295,1.06819737,0.620919824,1.331923485,-6.51,-6.33,-2.35,3.93,10.35,14.72,16.52,15.63,11,6.26,0.85,-3.69,5.03,1.186782837
68,Ethiopia,33.9,25.5,21,24.5,18.6,7.9,ETH,1330.062,450000,56000,104000,15.119,15.119,-0.450164944,-0.646661103,-1.498187423,-0.509025514,21.17,22.3,23.48,23.8,23.63,23.26,22.28,22.04,22.44,22.07,21.22,20.75,22.37,-1.298288226
69,Fiji,8.7,21.6,21.1,18.8,8.1,7.2,FJI,,,,,9.031198686,9.031198686,0.169921458,-0.291203529,0.580308676,-0.404100507,24.86,25.19,25,24.41,22.99,22.34,21.38,21.62,21.97,22.81,23.58,24.31,23.37,0.027769133
70,Gabon,12.5,15.8,17.2,21.1,12.1,5.1,GAB,377.5402,,,,1.261303217,1.261303217,-0.714149475,-0.73356396,0.021186959,-0.549935818,25.72,25.94,26.14,26.09,25.73,24.09,22.98,23.35,24.57,25.22,25.13,25.04,25,-0.894109726
71,Georgia,8.5,24.2,17.1,19.4,11.3,7.3,GEO,1432.375,239000,,1200,6.446970787,6.446970787,0.679609179,0.404683113,-0.466081887,0.271524847,-5.43,-3.98,0.72,7.62,12.26,15.67,18.8,18.45,14.63,8.74,3.26,-2.37,7.36,0.274561763
72,Ghana,15.5,13.6,21,18.1,12.6,6.6,GHA,190.3197,,,9300,20.65570889,20.65570889,-0.197833717,-0.251235664,-0.032099333,0.142052844,26.95,29.09,29.52,29.16,28.15,26.61,25.67,25.44,25.87,26.82,27.3,26.44,27.25,0.495470196
73,Guatemala,21.1,20.9,20.7,20.6,12.8,5.4,GTM,759.6279,251000,,2900,8.714072415,8.714072415,-0.733183742,-0.711001813,-0.655060232,-0.947281539,20.7,21.45,22.94,24.35,24.89,24.54,23.99,24.11,23.82,23.11,21.88,21.08,23.07,-0.346392214
74,Guinea,28.8,27.2,24,27.9,17.7,8.1,GIN,472.8062,,,34000,12.61598567,12.61598567,-0.986487746,-1.142423511,-0.386988342,-1.158495784,24.25,26.2,27.63,28.23,27.47,25.58,24.52,24.12,24.64,25.13,25.08,23.71,25.55,-0.857955515
75,Guinea-Bissau,30.3,,,,,,GNB,70.4717,,,,10.6685633,10.6685633,-1.482566833,-1.613140225,-0.518216372,-1.283544779,24.26,26.2,27.85,28.91,28.83,27.58,26.17,25.67,26.17,26.86,26.56,24.24,26.61,-0.74958986
76,Guyana,14.4,17.4,21.5,15.9,9.2,6.5,GUY,207.0553,,,,2.133604267,2.133604267,-0.635309577,-0.335406274,-0.139650807,-0.527465999,25.23,25.3,25.65,25.86,25.79,25.38,25.33,25.79,26.39,26.66,26.46,25.7,25.8,0.184057221
77,Haiti,37.3,23.3,27.7,25.9,17.7,9.9,HTI,470.0736,,,1500,38.82438316,38.82438316,-1.237499833,-2.016381025,-0.670838177,-1.180639505,22.5,22.8,23.47,24.17,24.91,25.65,25.87,26.07,25.81,25.29,24.19,22.97,24.48,-0.798660874
78,Honduras,13.4,19.7,20.9,19.7,10.5,7.4,HND,684.9241,174000,,2000,9.116096166,9.116096166,-0.566694617,-0.821539164,-0.468914419,-0.925625324,21.31,21.98,23.38,24.42,24.99,24.5,24.05,24.27,24.21,23.44,22.38,21.7,23.39,-0.421736807
79,India,29,23.5,18.6,18.6,13.4,5.3,IND,621.8081,612000,1000,3655000,52.62462204,52.62462204,-0.352008492,0.09046378,-0.948493361,-0.047318075,16.84,19.15,23.45,27.43,29.53,28.96,26.91,26.23,26.05,24.52,20.79,17.48,23.95,0.427834779
80,Indonesia,22.1,20.5,17.8,18.4,13,5.3,IDN,367.1235,6100,150,204000,12.97217331,12.97217331,-0.458355933,-0.240533337,-0.615060687,-0.422095984,25.51,25.62,25.79,26.02,26.04,25.59,25.27,25.39,25.63,25.99,25.98,25.8,25.72,0.184837207
81,Iraq,22.2,29.6,22.8,25.6,17.1,9.4,IRQ,312.0478,3290000,1114000,23000,11.59053233,11.59053233,-1.368854642,-1.246446609,-2.260351896,-1.417774558,8.88,11.13,15.12,20.71,26.53,30.78,33.3,32.89,29.44,23.58,16.08,10.51,21.58,-1.127883315
82,Jamaica,8.1,13.9,20.8,16,8.2,5.7,JAM,18.125,,,,11.08033241,11.08033241,-0.231597006,0.248759523,0.096484482,-0.227318674,22.76,22.91,23.44,24.25,24.72,25.5,25.7,25.91,25.41,25.03,24.38,23.62,24.47,0.608724177
83,Jordan,5.8,20.1,15.8,18.4,15.8,6.8,JOR,812.3271,,,,2.570398738,2.570398738,0.2600739,0.122611709,-0.605778575,0.439434081,8.34,9.95,13.08,17.72,21.92,25.23,26.9,26.91,24.85,20.68,14.71,9.94,18.35,-0.769348204
84,Kazakhstan,8,20.3,14.8,20,8.5,4.7,KAZ,387.1949,,,19000,10.88824684,10.88824684,-0.852624595,-0.073210396,-0.035000283,-0.439329773,-12.31,-11.8,-3.96,8.24,15.8,20.97,23.4,20.88,15,6.18,-1.92,-8.64,5.99,-1.163727641
85,Kenya,24,26.3,23.3,22.5,17.3,8,KEN,762.8491,309000,,105000,10.19081421,10.19081421,-1.008768797,-0.29414168,-1.244405627,-0.487965614,24.92,25.71,26.1,25.45,24.5,23.42,22.85,23.16,23.92,24.84,24.55,24.57,24.5,-0.146467701
86,Kuwait,5,16.1,10.8,17.1,9.1,4.4,KWT,108.2327,,,,0.432098765,0.432098765,-0.225088716,-0.033110809,-0.213420272,0.001076935,12.35,14.66,19.23,24.21,30.66,34.72,36.25,35.88,32.78,27.13,19.89,14.08,25.15,-0.663633525
87,Latvia,5,15.2,13,10.3,6.3,3.8,LVA,95.893,,,,19.77806369,19.77806369,0.4681741,1.089666128,0.443747222,0.794600129,-5.87,-5.3,-1.37,4.96,11.26,15.04,16.55,15.94,11.51,6.73,1.34,-3.28,5.63,0.846473753
88,Lebanon,6.4,26.7,17,20.4,14.8,9.2,LBN,1249.193,12000,3000,110,12.90322581,12.90322581,-0.883750379,-0.474226981,-1.702586532,-0.825654566,7.5,8.13,10.39,14,17.42,20.87,22.97,23.35,21.84,18.4,13.5,8.99,15.61,-0.462531269
89,Lesotho,23.5,17.3,23,19.2,12.6,7.8,LSO,2160.854,,,,8.969038208,8.969038208,0.06802655,-0.684340656,-0.308428764,-0.174012661,17.51,16.51,15.13,11.43,8.27,5.49,5.93,7.88,11.64,13.11,14.58,16.2,11.97,0.117346577
90,Liberia,30.8,21.4,23.5,23.7,18.7,10,LBR,243.6676,,,,5.1910299,5.1910299,-0.647266626,-1.393890619,-0.818025708,-0.864492297,25.26,25.87,26.44,26.38,25.81,25.1,24.14,23.9,24.54,25.13,25.45,25.01,25.25,-0.221026897
91,Libya,,26.2,20.5,26.3,12.8,9.5,LBY,423.6434,500000,100000,,0.977528218,0.977528218,-1.616902709,-1.653165221,-2.196628332,-1.629270196,12.38,14.64,17.76,22.1,26.5,29.23,29.4,29.12,27.32,23.09,17.75,13.51,21.9,-1.341562867
92,Lithuania,5,10.3,14.2,9.6,5.9,3,LTU,110.2539,,,,34.68856751,34.68856751,0.617650509,1.185165882,0.759793997,1.008058906,-5.47,-4.63,-0.47,5.95,12.18,15.59,16.89,16.43,12.14,7.22,1.83,-2.73,6.24,0.973841727
93,Madagascar,36.3,19.3,22.2,22.4,12.4,7.3,MDG,615.2372,,,87000,6.015812994,6.015812994,-0.848951161,-1.29816854,-0.427362889,-0.686933994,24.29,24.32,23.99,23.1,21.17,19.35,18.89,19.3,20.53,22.1,23.19,23.93,22.01,-0.378629118
94,Malawi,27.3,17.9,25.1,20.9,14.9,8.1,MWI,779.0389,,,343000,40.30547306,40.30547306,-0.762178659,-0.673160613,0.031896148,-0.306816041,23.49,23.37,23.25,22.31,20.31,18.42,18.05,19.5,22.01,24.28,24.78,23.98,21.98,-0.005267241
95,Malaysia,10.3,19.5,13.4,18.8,10,4.2,MYS,419.6467,,,21000,2.90366763,2.90366763,0.235073954,0.949163854,0.258957565,0.501932204,24.61,24.73,25.19,25.61,25.74,25.49,25.21,25.19,25.11,25.1,24.89,24.79,25.14,-0.391462833
96,Mali,29.6,21.2,24,21.7,16.9,9.3,MLI,343.7438,50000,,400,5.254099771,5.254099771,-0.68613261,-0.932024181,-1.685663939,-0.734754443,21.25,24.17,27.34,30.53,33.06,33.38,31.81,30.62,30.58,29.55,25.64,21.65,28.3,-0.204381034
97,Mauritania,22.6,23.1,21.4,24.8,17.1,8.5,MRT,276.0194,,,,0.436596488,0.436596488,-0.923295498,-1.026878119,-0.63780123,-0.866077304,20.3,22.66,25.29,27.95,31.3,33.21,33.3,32.28,31.2,29.38,24.96,20.49,27.69,-0.887845755
98,Mauritius,12.9,9.8,13.2,10.7,6.3,5.2,MUS,,,,1400,36.45320197,36.45320197,0.300832063,1.049440861,0.998615384,0.854365528,25.5,25.6,25.48,24.62,22.89,21.34,20.65,20.38,20.9,22,23.43,24.74,23.13,0.822020531
99,Mexico,7.3,19.5,17,19.2,10.6,5.5,MEX,1110.936,287000,6000,91000,11.78687723,11.78687723,-0.765919805,0.209704727,-0.798699081,-0.44708994,14.8,16.2,18.44,21.28,23.46,24.96,24.9,24.7,23.58,21.07,17.79,15.36,20.54,-0.075364098
100,Mongolia,14.7,13.8,13.8,15,7.9,6.5,MNG,1527.99,,,810,0.365096939,0.365096939,-0.491614044,-0.418690056,0.716384351,-0.379790068,-20.56,-17.8,-8.8,1.69,9.8,15.16,17.2,15.47,9.23,0.77,-10.23,-17.93,-0.5,0.270232141
101,Montenegro,5,17.6,11.1,11.8,7.8,5.9,MNE,,,,,0.646840149,0.646840149,-0.131804168,0.155747339,0.140797719,0.051777143,-2.1,-0.75,2.53,6.87,11.6,14.97,17.55,17.54,13.96,8.87,3.89,-0.06,7.91,0.144006342
102,Morocco,9.5,19.4,19.2,19.2,10.8,6,MAR,909.5137,,,,18.21644634,18.21644634,-0.220332846,-0.061943848,-0.341487437,-0.088940836,9.68,11.17,13.09,15.1,18.61,22.22,26.01,25.86,22.71,18.22,13.74,10.29,17.23,-0.628278553
103,Mozambique,32.5,19.8,23.8,22.3,13.7,7.3,MOZ,345.2476,,,61000,7.184821588,7.184821588,-0.748843312,-0.746266305,-0.513895094,-0.848796844,26.03,25.89,25.48,24.15,22.04,20,19.63,20.99,23.13,24.98,25.93,26.03,23.69,-0.270031184
104,Myanmar,23.5,26.3,20.4,25.9,15.1,7,MMR,702.4269,644000,16000,1618000,16.65798983,16.65798983,-0.836168349,-1.238607645,-1.165066719,-1.236542463,18,19.74,22.74,25.39,25.75,25.18,24.91,24.82,24.89,24.01,21.43,18.62,22.96,-1.218918324
105,Namibia,31.8,14.3,21.7,15.4,12.5,6.9,NAM,1141.045,,,8,0.971711062,0.971711062,0.315799117,0.253775209,0.733112812,0.190016076,24.26,23.61,22.67,20.33,17.16,14.44,14.14,16.06,19.24,21.58,23.01,23.96,20.04,0.571722925
106,Nepal,22.2,24.4,21.3,21.9,15.5,7.4,NPL,2565.382,50000,,2623000,14.74502965,14.74502965,-0.578034759,-1.053640604,-0.998334587,-0.676831722,4.16,5.63,10.02,14.25,16.82,18.83,18.81,18.59,17.35,13.73,9.16,5.57,12.74,-0.415425479
107,Nicaragua,13.6,18.9,22.2,19.8,10.8,7.3,NIC,298.3099,,,1100,12.49792255,12.49792255,-0.888269782,-0.815875173,-0.086607538,-0.73610878,23.3,23.97,24.95,25.72,25.81,25.07,24.93,24.77,24.72,24.54,23.79,23.51,24.59,-0.414739907
108,Niger,34.5,25.1,23.5,23.6,17.5,8.1,NER,474.3347,153000,47000,38000,13.26280887,13.26280887,-0.641647696,-0.605987728,-1.066546202,-0.579464018,19.05,21.91,26.01,30.29,32.73,32.79,31.24,30.32,30.35,28.47,23.66,20.04,27.24,-0.212657124
109,Nigeria,32.8,29.6,23.5,27,16.3,6,NGA,380.1505,2096000,737000,100000,37.33104955,37.33104955,-1.083716273,-0.96267271,-1.925442815,-0.961073756,24.6,27.01,29.13,29.89,28.94,27.31,25.85,25.38,25.93,26.78,25.92,24.67,26.78,-0.366597325
110,Oman,,14.3,10.6,17.9,7,2.2,OMN,310.0209,,,,0.122778675,0.122778675,0.268915087,0.081546336,0.783339798,0.376893491,19.92,20.78,23.4,26.72,29.47,30.05,28.69,27.61,27.45,26.25,23.83,21.29,25.45,-1.061398745
111,Pakistan,33.9,28.8,22,24.9,17.9,9.3,PAK,1018.028,1459000,,1002000,39.48733914,39.48733914,-0.810739458,-0.667473018,-2.482707977,-0.766665697,8.67,10.67,16.01,21.59,25.85,28.98,28.66,27.62,25.28,20.86,15.25,10.33,19.98,-0.722032487
112,Panama,9.6,13.2,14.7,14.3,9.2,3.2,PAN,359.6746,,,100,7.573311811,7.573311811,-0.370722234,0.292337388,0.386077255,-0.106349006,24.18,24.53,25.44,25.7,25.56,24.85,25.12,24.71,24.34,24.3,23.96,23.99,24.72,0.558467448
113,Papua New Guinea,,20.3,22.3,22.2,11.9,6.7,PNG,667.6198,6300,,,0.662456388,0.662456388,-0.939784527,-0.606489778,-0.422148317,-0.869289815,25.47,25.39,25.35,25.28,25.15,24.5,24.06,24.27,24.75,25.25,25.56,25.6,25.05,0.044731397
114,Paraguay,10.5,20.2,18.7,19.9,8.1,4.4,PRY,178.6918,,,171000,12.08155047,12.08155047,-0.94699657,-0.948369682,0.038498022,-0.691573739,27.74,27.08,25.84,23.1,20.4,18.34,18.57,20.3,22.3,24.7,26.09,27.3,23.48,-0.069941297
115,Peru,9.1,21.3,17.7,18.8,10.1,4,PER,1555.255,60000,,8400,3.2434375,3.2434375,-0.533828318,-0.276903689,-0.397571415,-0.48545754,20.09,20.09,19.99,19.78,19.21,18.37,18.05,18.73,19.29,19.75,20.08,20.04,19.46,0.227344468
116,Philippines,20.1,25.4,18.4,20.6,15.6,6.3,PHL,441.9939,62000,288000,2221000,18.74769427,18.74769427,-0.453459442,0.112366773,-0.855662465,-0.342897713,24.06,24.31,25.13,26.15,26.55,26.02,25.6,25.52,25.56,25.44,25.07,24.52,25.33,0.147050843
117,Qatar,,12.1,10.9,14,6.1,3.2,QAT,27.8971,,,,1.12833764,1.12833764,0.891468287,0.955126643,0.996630371,0.770525932,17.27,18.31,21.78,26.09,31.12,33.88,34.85,34.5,32.43,29.12,24.34,19.31,26.92,-1.144710541
118,Romania,5.3,15.5,14.4,13.8,6.4,4.1,ROU,,,,160,38.06067455,38.06067455,-0.017641444,-0.056023832,0.189114437,0.157549575,-3.73,-1.37,3.4,9.39,14.41,17.55,19.19,18.81,15.18,9.73,4.14,-0.97,8.81,0.486097127
119,Russian Federation,6.6,,,,,,RUS,372.5321,27000,,6600,7.518031223,7.518031223,-0.949134231,-0.204350516,-1.029335141,-0.763637006,-27,-24.72,-16.57,-6.74,2.9,10.96,14.79,12.01,5.56,-5.33,-17.64,-24.07,-6.32,-1.087691426
120,Rwanda,30.3,23,22,21.5,15.9,7.8,RWA,1598.151,,,2000,46.68423186,46.68423186,0.635707915,-0.045735646,0.013241149,0.050420243,19.02,19.24,19.25,19.04,18.9,18.56,18.6,19.28,19.34,19.21,18.83,18.86,19.01,-1.135152102
121,Saudi Arabia,5.1,21.8,13.9,20.7,10.4,4.8,SAU,665.2062,,,,1.629072099,1.629072099,0.05213923,0.200066909,-0.626398981,0.117822453,15.35,17.14,20.6,24.53,28.89,31.59,32.04,32.08,30.21,25.85,20.83,16.7,24.65,-1.842594862
122,Senegal,23.2,19.1,22,19.6,15.8,6.5,SEN,69.0371,24000,,,16.62078637,16.62078637,0.060930226,-0.450297266,-0.116664805,-0.141723916,24.32,26.53,28.47,30.04,31.08,30.11,28.47,27.67,27.7,28.6,27.16,24.32,27.87,0.279269904
123,Serbia,7.1,22.1,17.3,15.3,12.5,6.6,SRB,442.0694,,,,29.62497142,29.62497142,-0.267041594,0.111243814,0.238982022,-0.117168836,-1.52,0.63,4.91,10.31,15.16,18.41,20.29,20.13,16.47,10.96,5.4,1.01,10.18,0.231035233
124,Sierra Leone,38.9,18.7,25.9,21.8,17.7,7.8,SLE,279.3589,,,,21.94513716,21.94513716,-0.793377042,-1.279705524,-0.102516763,-0.853527308,25.19,26.94,27.65,27.74,26.93,25.93,24.95,24.84,25.39,25.87,26,25.12,26.04,-0.264879495
125,Somalia,,29.2,27.3,28.6,19.4,9.5,SOM,409.9049,1223000,90000,59000,1.753435139,1.753435139,-1.615134954,-2.196963072,-2.380827904,-2.300122499,25.03,25.85,27.16,28,28.09,27.87,27.11,27.13,27.68,26.67,25.62,25,26.77,-2.00137043
126,South Africa,12.4,16.4,18.6,16,12.9,3.1,ZAF,1034.837,,,14,10.30426432,10.30426432,0.032504108,0.261675388,-0.212992936,0.088763915,23.19,22.66,21.1,17.74,14.24,11.16,11.07,12.97,16.03,18.31,20.48,22.2,17.6,0.654223859
127,South Sudan,,30,24.7,30,19.8,10,SSD,,1697000,199000,15000,..,,-1.687486291,-2.163179398,-2.37568903,-1.855479956,26.44,27.94,29.3,29.19,27.9,26.41,25.45,25.45,25.93,26.55,26.47,26.1,26.93,-1.594442725
128,Sri Lanka,25.5,26.3,21.3,22.4,14.2,6.4,LKA,228.2774,44000,,66000,20.73034604,20.73034604,-0.344145656,-0.00914478,0.090368114,0.037326247,25.13,25.86,27.03,27.79,28.07,27.7,27.4,27.24,27.13,26.61,25.82,25.28,26.76,-0.296132624
129,Sudan,,29,25.3,28,18.7,9.8,SDN,568.4538,3182000,144000,8300,8.343080808,8.343080808,-1.487211943,-1.46239388,-2.162183285,-1.208177567,20.43,22.18,25.65,28.78,30.98,31.26,29.84,29.35,29.36,28.35,24.44,21.27,26.82,-1.773252249
130,Suriname,10.4,17,20.7,16.2,8.3,6.2,SUR,246.0742,,,,0.416666667,0.416666667,-0.239103839,-0.345765233,0.256688297,-0.195376858,25.04,24.99,25.35,25.64,25.75,25.58,25.6,26.02,26.5,26.69,26.45,25.59,25.77,0.411360741
131,Swaziland,26,16.5,24.3,24.5,13.4,7.6,SWZ,305.4435,,,,10.1744186,10.1744186,-0.387836426,-0.53864646,-0.476151049,-0.324313819,24.2,23.99,23.06,20.69,18.35,15.72,15.91,17.62,19.77,20.62,21.78,23.26,20.41,-1.401209831
132,Syrian Arab Republic,,,,,,,SYR,513.9543,6600000,1300000,,25.3880085,25.3880085,-1.545692086,-1.590460181,-2.974081039,-1.4230479,6.12,7.95,11.46,16.37,21.49,25.99,28.73,28.44,25.2,19.6,12.74,7.67,17.65,-1.922374964
133,Tajikistan,30.3,22.5,19.3,22.6,12.6,6.4,TJK,3185.92,,,11000,5.259896531,5.259896531,-1.125687242,-0.848223448,-0.882642269,-1.055544376,-10.2,-8.83,-3.08,3.44,7.49,12.3,15.38,14.71,10.25,4,-2.08,-7.08,3.03,-1.569000721
134,Thailand,11.9,27.4,13.9,20.6,12.9,4.3,THA,287.408,35000,,240,32.90336472,32.90336472,-0.493388325,0.350277573,-0.99442929,-0.147704467,23.1,25.21,27.38,28.89,28.32,27.58,27.19,26.93,26.73,26.2,24.6,22.85,26.25,-0.969056308
135,Timor-Leste,40.7,22.5,22.1,21.6,15.7,8.7,TLS,,,,310,10.42367182,10.42367182,-0.521616638,-1.045524359,-0.271886349,-1.121528983,25.46,25.47,25.36,25.18,24.81,24.08,23.81,24.06,24.66,25.34,25.76,25.61,24.97,0.186130628
136,Togo,23,19.1,22.2,23.9,15.1,6.5,TGO,236.986,3000,,5000,48.72219158,48.72219158,-0.725685239,-1.189448237,-0.231348053,-0.798984945,26.69,28.55,29.31,28.81,27.6,26.01,25.01,24.83,25.36,26.34,26.84,26.24,26.8,-0.698528349
137,Tunisia,5.6,23.7,17.5,18.9,8.8,6.9,TUN,246.5449,,,120,18.66632338,18.66632338,-0.072226919,-0.103312753,-0.96038723,-0.061554465,10.44,11.86,14.21,17.39,21.68,25.98,28.75,28.69,25.67,20.69,15.46,11.56,19.36,0.242010027
138,Turkey,5.1,24,14.9,17.6,13,5,TUR,1167.001,954000,,1500,26.82457804,26.82457804,-0.154374734,0.22311984,-1.493914008,-0.113019049,-0.52,0.98,4.77,10.02,14.47,18.54,21.83,21.65,18.11,12.56,6.85,1.94,10.93,-0.36770758
139,Turkmenistan,12.9,21.7,17,24.6,9.6,4.6,TKM,229.8245,,,,4.128274424,4.128274424,-1.346609712,-0.850448787,-0.087798864,-1.417839885,1.01,2.62,8.53,16.07,22.18,26.86,29.35,27.33,21.91,14.46,8.76,3.56,15.22,-2.23740983
140,Uganda,27.6,25.2,21.6,24.2,17.7,8.3,UGA,1200.948,30000,,600,34.41053262,34.41053262,-1.052032351,-0.485693216,-0.804501653,-0.385777652,23.18,23.66,23.68,23.05,22.53,21.98,21.56,21.77,22.11,22.48,22.54,22.61,22.6,-0.57071203
141,Ukraine,5,22.9,16.7,18.7,8.9,9.1,UKR,176.7859,1679000,942000,,56.17484282,56.17484282,-0.979897141,-0.523523629,-1.961800098,-0.81355083,-5.15,-3.69,1.18,9.09,15.09,18.42,19.95,19.34,14.78,8.63,2.81,-1.98,8.21,-0.086803623
142,Uruguay,5.7,9.4,11.8,7,5.4,2.9,URY,109.6395,,,24000,13.77328305,13.77328305,1.316839099,0.529026389,1.004238248,0.712427437,23.9,23.37,21.26,17.88,14.84,11.77,11.79,12.78,14.33,16.95,19.62,22.3,17.57,1.143324971
143,Uzbekistan,13.3,24,20.1,24.1,12.1,5.1,UZB,420.015,,,,10.34320639,10.34320639,-1.261937737,-0.671784401,-0.373036414,-1.111207604,-3.03,-1.55,5.38,14.1,20.42,25.34,27.71,25.31,19.55,11.63,5.36,0.03,12.52,-1.956031203
144,Zambia,41.1,16.4,24.1,21.8,16.3,6.6,ZMB,1138.441,,,25,5.111717941,5.111717941,-0.339607358,-0.560079753,0.151694864,-0.22972478,22.89,22.94,22.9,21.91,19.58,17.36,17.07,19.47,22.92,24.67,24.19,23.11,21.58,-0.070258692
145,Zimbabwe,30.8,25.4,24.1,25.8,17.1,7.6,ZWE,961.7211,,,800,10.33992504,10.33992504,-1.304160357,-1.155711412,-0.618156314,-1.316628456,23.9,23.49,22.92,21.15,18.4,15.79,15.64,17.9,21.37,23.74,24.23,23.85,21.03,-1.167998791
146,Yemen,,28.8,24.9,26.6,18.3,9.5,YEM,999.8261,2509000,2175000,83000,2.363770669,,-1.474036217,-1.627152562,-2.680221558,-1.271081805,18.35,19.25,20.82,23.55,25.86,27.8,26.98,26.78,26.13,23.02,20.3,19.04,23.16,-1.523371577
147,Egypt,,25.9,19.3,23.9,13.8,7.1,EGY,321.5979,78000,78000,100,2.909096389,,-0.642629683,-0.75222075,-1.496645689,-0.594087958,12.93,14.6,17.83,22.44,26.26,28.82,29.12,29.1,27.28,24.1,18.68,14.28,22.12,-1.184813142
148,Solomon Islands,,21.1,22.8,20.6,13.4,8,SLB,,,,1000,0.714540907,0.714540907,-0.340828776,-1.024367094,0.660984755,-0.486201555,26.34,26.07,25.95,25.73,25.51,25.1,24.61,24.85,25.52,26,26.11,26.32,25.68,0.284497738
149,Gambia,,16.5,22.7,24.1,14.6,7.5,GMB,34.4685,,,,43.47826087,,-0.770209014,-0.903461635,0.019588569,-0.721325636,23.87,25.88,27.32,28.25,28.53,28.55,27.36,26.73,26.73,27.59,26.52,23.93,26.77,-1.45999217
150,Equatorial Guinea,,21.5,20.2,26.6,11,5.5,GNQ,577.8627,,,,4.278074866,4.278074866,-1.765860438,-1.417881489,-0.205352426,-1.456297636,24.57,25.1,25.04,24.79,24.72,23.76,22.75,22.82,23.77,23.92,24.13,24.14,24.13,-2.00014019
151,Bosnia and Herzegovina,,22,16.9,16.9,13.4,8.2,BIH,702.2336,98000,,320,20.09765625,20.09765625,-0.393897533,-0.545209169,-0.402437001,-0.281363338,-1.36,0.4,4.01,8.44,12.94,16.33,18.52,18.48,14.94,9.95,4.81,0.73,9.02,-0.098104686
152,Maldives,,18.5,16.1,22.1,10.5,7,MDV,,,,,13,13,-0.479377955,-0.375792742,0.420671523,-0.576264203,,,,,,,,,,,,,,-0.517891109
153,Sao Tome and Principe,,16.3,22.8,15.7,11,7.9,STP,,,,,9.0625,9.0625,-0.045158159,-0.750870883,0.144042566,-0.75607866,,,,,,,,,,,,,,0.280032039
154,Samoa,,14.8,20.8,15.7,8.3,8.6,WSM,,,,970,2.826855124,2.826855124,0.291007251,0.508672714,1.183973908,0.698486388,,,,,,,,,,,,,,0.735778809
155,Cyprus,,19.3,17.6,11.6,8.5,9.2,CYP,9.1667,272000,,,10.7034632,10.7034632,1.007434011,1.048837423,0.550866485,1.039922118,10.64,11.07,12.99,16.58,20.54,24.47,27.05,27.05,24.78,20.81,16.19,12.39,18.71,1.031512141
156,Belize,,14.2,18.6,15.6,10,6.9,BLZ,173.3061,,,250,3.419552828,3.419552828,-0.222508013,-0.684154153,0.043097582,-0.720960438,22.37,23.04,24.45,25.87,26.91,26.93,26.45,26.66,26.49,25.42,23.56,22.62,25.06,0.57808888
157,Grenada,,15,19.6,13.3,8.4,7.1,GRD,,,,,8.823529412,8.823529412,0.556010067,-0.196174711,0.790708482,0.144673064,,,,,,,,,,,,,,0.806000173
158,Brunei Darussalam,,18.9,15.2,17.9,6.9,4.1,BRN,478.7564,,,,0.948766603,0.948766603,0.572453856,1.060170531,1.242662311,0.407984078,25.34,25.47,25.92,26.45,26.51,26.26,26.04,26.08,26.05,25.92,25.48,25.69,25.93,-0.754111826
159,Seychelles,,16.8,16.1,13.5,8.2,7.5,SYC,,,,,0.326086957,0.326086957,0.883601069,0.4230102,0.688779771,0.201051995,,,,,,,,,,,,,,0.080095395
160,Trinidad and Tobago,,15.4,17.3,14.4,8,3.6,TTO,83.275,,,,4.873294347,4.873294347,-0.300722331,0.232600957,0.286114305,-0.115995876,24.72,24.85,25.38,26.12,26.6,26.15,26.06,26.31,26.52,26.41,26.02,25.22,25.86,0.480495065
161,Antigua and Barbuda,,12.8,17.3,14.3,7.6,5.8,ATG,,,,,9.090909091,9.090909091,0.689627349,0.227594227,1.004724503,0.589894295,,,,,,,,,,,,,,0.594947338
162,Greece,,13.2,14.5,13.8,5.2,5.9,GRC,498.576,,,270,17.25368503,17.25368503,-0.076607928,0.256199121,-0.230252355,0.267151922,4.74,5.8,8.19,11.93,16.42,20.48,22.95,22.77,19.52,14.55,10.21,6.29,13.66,0.651494741
163,Bahamas,,12.6,14.7,11.7,8.9,3.7,BHS,,,,2800,0.799200799,,1.135777473,0.712929964,0.907476485,0.597127914,21.65,21.88,23,24.21,25.77,27.23,27.95,27.99,27.68,26.45,24.44,22.52,25.06,0.951407492
164,Barbados,,12.6,16.2,8.6,6.5,5.4,BRB,,,,,25.58139535,25.58139535,1.490511537,1.025392413,1.135361314,1.095227122,,,,,,,,,,,,,,1.0964607
165,Hungary,,12.4,13.5,14.4,4.8,4,HUN,143.5822,,,,48.7374351,48.7374351,0.148638025,0.49741441,0.746297717,0.399943441,-2.03,0.85,5.44,10.72,15.49,18.52,20.11,19.7,16.13,10.81,4.89,0.11,10.06,0.559930801
166,United Arab Emirates,,10.6,9.6,16.4,6.7,2.9,ARE,148.9142,,,,0.448564593,0.448564593,1.071916342,1.50987184,0.759545386,0.640877128,18.43,19.43,22.61,26.58,30.62,32.46,33.8,33.55,31.74,28.34,24.06,20.28,26.83,-1.112367868
167,Italy,,14.2,11,9,6.8,2.2,ITA,538.7296,,,1300,22.44169443,22.44169443,0.016268654,0.448110193,0.3759197,0.275057644,3.32,4.35,6.52,9.61,13.78,17.52,20.31,20.14,17.19,12.86,8.01,4.4,11.5,1.034700036
168,Malta,,9.3,11.1,9.5,7.4,3.6,MLT,,,,,28.03125,28.03125,0.900366247,0.85062629,1.063938618,1.135597706,,,,,,,,,,,,,,1.202726364
169,Spain,,15.2,11.4,7.9,4.2,2.2,ESP,704.6398,,,4100,24.66445703,24.66445703,0.583896518,1.174265742,0.251491189,0.901602685,5.59,6.76,8.6,10.65,14.27,18.49,22.03,21.83,19.01,14.03,8.97,6.07,13.03,1.044758558
170,Poland,,10.5,12,8.5,6.1,2.7,POL,171.6889,,,,35.5563539,35.5563539,0.669516563,0.798975646,0.874852359,0.802068591,-2.82,-1.38,2.65,7.41,12.98,15.95,17.52,17.18,13.33,8.77,3.42,-0.58,7.87,1.039663672
171,Japan,,8.2,9.1,7.2,7.9,3.6,JPN,438.3172,,,486000,11.52348036,11.52348036,1.569163561,1.78481245,1.06512773,1.518730283,-1.27,-0.89,2.52,8.7,13.52,17.34,21.34,22.74,18.76,12.78,7.05,1.75,10.36,0.98798573
172,United States,,11.8,9.1,8.2,5.1,1.1,USA,725.6519,,,63000,16.64540384,16.64540384,1.396919131,1.463781953,0.678062379,1.59612298,-6.31,-4.29,0.06,5.87,12.09,17.12,19.94,18.85,14.41,7.7,0.38,-4.76,6.75,1.109744549
173,Singapore,,8.7,9.8,10.2,4,1.7,SGP,,,,,0.789844852,0.789844852,2.092689753,2.236756086,1.311752796,1.81349194,,,,,,,,,,,,,,-0.161821589
174,France,,11,10.7,5.6,5,1.4,FRA,375.12,,,120,33.74753679,33.74753679,1.305651546,1.437052965,0.106706373,1.41331923,3.11,4.22,6.37,9.1,12.72,16.1,18.6,18.23,15.78,11.75,6.69,3.87,10.54,1.206558228
175,United Kingdom,,11.6,9.7,5.9,5,1.2,GBR,162.5733,,,6100,24.84602984,24.84602984,1.876348734,1.744032383,0.517747939,1.813076496,2.99,2.97,4.66,6.74,9.82,12.77,14.44,14.29,12.21,9.47,5.52,3.85,8.31,1.297748923
176,Slovenia,,7.6,10.9,6.6,4.2,2.3,SVN,492.6379,,,,9.138530288,9.138530288,0.772991776,0.972628713,0.953392744,0.974581301,-2.09,-0.13,3.38,7.58,12.16,15.4,17.38,16.94,13.87,9.21,3.58,-0.79,8.04,0.98675704
177,Belgium,,10,9.6,5.2,4.1,1.5,BEL,181.7746,,,,27.39431968,27.39431968,1.573288798,1.438697577,0.587094605,1.463508606,1.95,2.62,5.23,8.15,12.4,15.43,17.24,17.18,14.43,10.68,5.76,3.11,9.51,1.387346864
178,Portugal,,6,10.2,6.8,4.2,2.5,PRT,372.4704,,,10,12.36141737,12.36141737,0.964715838,1.220576167,0.917840123,1.146607041,9.05,9.82,11.33,12.96,15.7,19.09,21.72,21.87,20.12,16.43,12.11,9.46,14.97,1.128600121
179,Germany,,8.7,8.3,4.3,5.5,1.3,DEU,270.8496,,,,33.96501165,33.96501165,1.837866783,1.73711729,0.699824274,1.795013547,-0.48,0.56,3.87,7.69,12.27,15.5,17.19,16.97,13.9,9.43,4.27,0.88,8.5,1.421901703
180,Netherlands,,8.3,8.7,3.5,5.1,1.2,NLD,30.1257,,,,30.66191748,30.66191748,1.884274602,1.832803488,0.926119328,1.944209576,1.99,2.37,4.95,7.56,11.98,14.72,16.55,16.64,13.9,10.35,5.92,3.49,9.2,1.561038971
181,Austria,,8.1,7.1,4.7,4.4,1.7,AUT,898.7706,,,,16.3118161,16.3118161,1.519258499,1.479387999,1.143079281,1.855263472,-3.52,-1.99,1.42,5.51,10.12,13.29,15.26,14.98,12.09,7.55,1.73,-2.21,6.19,1.383440137
182,Canada,,8.6,7,4.7,4.4,1,CAN,487.6221,,,13000,4.795332055,4.795332055,1.88655889,1.762370825,1.274697781,1.842076302,-24.62,-23.25,-18.72,-9.79,-0.29,7.24,11.11,9.52,3.45,-4.36,-14.5,-21.52,-7.14,1.46702826
183,Ireland,,5,9.6,4.6,3.6,1.9,IRL,112.422,,,1600,14.93685586,14.93685586,1.615352988,1.533348799,0.908455491,1.774914503,4.64,4.69,6,7.69,10.07,12.8,14.53,14.28,12.46,10.08,6.61,5.45,9.11,1.334583402
184,Australia,,8.1,5.8,5.5,3.9,1,AUS,272.4731,,,5700,6.004191453,6.004191453,1.882090449,1.564803481,0.884979844,1.825228572,27.78,27.23,25.37,21.87,17.86,14.83,13.95,15.71,18.89,22.46,25.13,26.99,21.51,1.355499983
185,Iceland,,4.1,8,3.7,3,4.6,ISL,557.4451,,,,1.206982544,1.206982544,1.939086556,1.492341518,1.308164477,1.667345166,-3.17,-2.72,-2.61,-0.46,3.06,6.38,8.29,7.57,4.29,1.21,-2.34,-3.28,1.35,1.376409292
186,New Zealand,,6.3,8.8,3.4,3,1.1,NZL,388.3524,,,440,2.240704873,2.240704873,2.275603294,1.884677529,1.525453329,2.001410484,14.94,15.05,13.6,10.72,7.58,5.26,4.57,5.72,7.61,9.67,11.53,13.46,9.98,1.554741502
187,Switzerland,,6,6.8,4.2,4,1.3,CHE,1369.6,,,360,10.07946148,10.07946148,2.136446953,1.998365879,1.339359045,1.945191026,-3.24,-2.32,0.09,3.35,7.44,10.78,13.03,12.54,10.14,6.08,1.05,-1.96,4.75,1.558397055
188,Luxembourg,,8.5,5.1,3.6,3.4,1.6,LUX,325.02,,,,24.24710425,24.24710425,2.096661568,1.724363685,1.439398408,1.874665856,0.37,1.6,4.7,8.11,12.42,15.5,17.39,16.9,14.05,9.75,4.4,1.37,8.88,1.546707153
189,Denmark,,6.5,6.5,3.2,3.9,1.4,DNK,34.2589,,,,55.98952131,55.98952131,2.211048841,1.848226786,0.897649825,2.042388916,-0.11,-0.1,2.24,5.87,10.77,14.4,15.89,15.9,13.01,9.36,4.94,1.65,7.82,1.552722931
190,Norway,,7.3,5.3,3.1,3.9,1.2,NOR,566.7679,,,220,2.205642788,2.205642788,2.242776155,1.864799142,1.161716104,2.011164904,-9.25,-8.74,-5.49,-1.14,4.78,9.53,11.64,10.49,6.42,1.64,-3.76,-7.07,0.75,1.68780148
191,Sweden,,5.2,5.6,3.6,4.8,1,SWE,320.0909,,,100,6.336696865,6.336696865,2.241100788,1.816197515,0.947106421,2.037810326,-10.07,-9.01,-4.98,0.19,6.45,11.74,13.51,12.12,7.64,2.79,-3.81,-8.03,1.55,1.565205693
192,Finland,,4.1,7.1,2.6,3,1,FIN,164.483,,,,7.378171169,7.378171169,2.275295973,1.813305736,1.040587306,2.063123703,-11.91,-11.03,-6.09,0.04,7.09,12.9,15.18,13.1,7.91,2.25,-4.04,-9.22,1.35,1.543483734
193,,,,,,,,BOL,1192.57,,,11000,4.128588572,,-0.696357191,-0.651944339,-0.268487215,-1.141066313,22.57,22.43,22.07,21,19.25,17.65,17.77,19.43,21.33,22.51,22.91,22.78,20.98,-0.004678981
194,,,,,,,,CIV,250.7441,303000,3200,,9.119496855,,-0.433069408,-0.681760728,-0.832545936,-0.62941426,25.84,27.77,28.25,28.05,27.19,25.88,24.87,24.74,25.27,25.99,26.32,25.43,26.3,-0.405193686
195,,,,,,,,COG,430.1534,7800,,,1.610541728,,-1.196016788,-1.022181392,-0.526365995,-1.078538775,24.7,25.31,25.6,25.62,25.26,23.82,23.03,23.34,24.05,24.54,24.52,24.47,24.52,-1.016824961
196,,,,,,,,CZE,433.0312,,,,40.61124061,,0.433734417,1.046726942,0.979189098,1.148100734,-2.81,-1.06,2.8,7.49,12.3,15.41,17.11,16.9,13.49,8.59,2.82,-1.06,7.67,1.042688489
197,,,,,,,,GRL,1792.64,,,,0.002192715,,1.19053793,0.867989659,1.943137646,1.701292872,,,,,,,,,,,,,,1.273855329
198,,,,,,,,GUF,168.1815,,,,,,1.019112229,1.122841358,0.568954766,1.295758367,24.98,24.98,25.27,25.6,25.52,25.37,25.39,25.84,26.28,26.48,26.24,25.49,25.62,1.273855329
199,,,,,,,,IRN,1305.438,,,5400,9.017289226,,-0.604570687,-0.208824545,-0.925701737,-0.923484564,4.39,6.43,11.33,16.82,22.06,26.53,28.59,27.28,23.51,17.85,11.75,6.58,16.93,-1.513511062
200,,,,,,,,ISR,508.4611,,,,13.73382625,,0.942997754,1.388034582,-1.094912767,1.162290215,11.79,12.72,14.96,18.82,21.9,24.75,26.45,26.68,25.12,22.22,17.57,13.4,19.7,0.744865775
201,,,,,,,,KGZ,2988.048,,,5900,6.676746611,,-1.149693012,-0.914483786,-0.882437944,-0.989245474,-14.26,-12.72,-5.19,3.18,7.52,11.53,14.45,13.7,9.01,2.21,-5.27,-11.05,1.09,-0.404146224
202,,,,,,,,KOR,282.3633,,,,15.02359458,,0.373621315,1.012607813,0.161014125,0.932395458,-3.58,-1.48,3.66,10.29,15.51,19.78,23.31,23.88,18.8,12.7,5.71,-0.67,10.66,0.630966604
203,,,,,,,,LAO,710.2068,,,12000,6.60745234,,-0.911583006,-0.510504663,0.541362047,-0.798730552,18.69,20.6,23.01,25.21,25.9,25.75,25.49,25.2,24.83,23.62,21.27,19.03,23.22,-1.753418684
204,,,,,,,,MDA,139.3979,,,,55.45786431,,-0.911234438,-0.654655099,-0.327440172,-0.353444636,-3.33,-1.73,2.93,10.25,16.05,19.38,20.96,20.58,16.44,10.41,4.48,-0.41,9.67,0.028581616
205,,,,,,,,MKD,741.545,200,,,16.45519429,,-0.256072164,0.118493073,-0.287016064,-0.188808754,-0.98,1.05,4.77,9.23,13.99,17.42,19.85,19.73,16.31,10.78,5.37,0.73,9.85,-0.181900084
206,,,,,,,,MON,1086.725,,,,,,,,,,,,,,,,,,,,,,,
207,,,,,,,,PRI,261.597,,,,6.877113867,,0.086151943,0.358805984,0.855120778,0.747581244,22.37,22.39,22.93,23.78,24.81,25.51,25.59,25.82,25.55,25.15,24.26,23.17,24.28,0.403686821
208,,,,,,,,PRK,599.3386,,,6000,19.51665144,,-1.247925758,-1.632668018,-1.153404713,-1.64512527,-13.11,-10,-2.81,5.72,11.95,16.47,20.08,20.04,14.08,7.18,-1.47,-9.85,4.86,-2.201836824
209,,,,,,,,ROM,414.0516,,,,,,,,,,,,,,,,,,,,,,,
210,,,,,,,,SVK,458.604,,,,28.75296369,,0.177863732,0.83792001,0.874545217,0.503814816,-4.17,-1.72,2.4,7.6,12.43,15.33,16.95,16.67,13.17,8.32,2.45,-2.19,7.27,0.965366244
211,,,,,,,,TWN,1150.337,,,27000,,,0.773740649,1.396016836,0.920499682,1.162153602,,,,,,,,,,,,,,0.898425698
212,,,,,,,,TZA,1018.109,,,3500,15.2404606,,-0.682069421,-0.61055547,-0.41619435,-0.371619225,23.05,23.21,23.18,22.64,21.73,20.34,20.1,20.99,22.3,23.41,23.53,23.18,22.31,-0.229618371
213,,,,,,,,VEN,448.6651,,,45000,3.061050961,,-1.391296983,-1.21993196,-0.977180898,-2.032376289,25.03,25.56,26.13,26.14,25.61,24.8,24.62,24.9,25.24,25.43,25.39,24.98,25.32,-1.091030121
214,,,,,,,,VNM,398.3443,,,9600,22.5690973,,-0.426185668,0.067519069,0.069970489,-0.339344263,19.46,20.6,22.06,25.25,26.83,27.09,27.17,26.88,26.06,24.61,22.42,20.39,24.07,-1.358792901
215,,,,,,,,WSH,256.8514,,,,,,,,,,,,,,,,,,,,,,,
216,,,,,,,,ZAR,726.0577,,,,,,,,,,,,,,,,,,,,,,,
217,,,,,,,,AB9,,82000,,,,,,,,,,,,,,,,,,,,,,
218,,,,,,,,COD,,1500000,621000,106000,3.131823295,,-1.285241485,-1.629252434,-2.150854349,-1.572552443,24.14,24.5,24.73,24.63,24.35,23.31,22.82,23.51,24.08,24.27,24.13,23.99,24.04,-1.303839207
219,,,,,,,,CPV,,,,190,12.40694789,,0.949543476,0.147835761,0.867810428,0.589895785,,,,,,,,,,,,,,0.957939088
220,,,,,,,,DMA,,,,710,8,,0.623419344,0.117436104,1.077941298,0.673474789,,,,,,,,,,,,,,0.878824592
221,,,,,,,,FSM,,,,6800,2.857142857,,0.680440605,-0.396936297,1.035154104,-0.295541435,,,,,,,,,,,,,,1.134656787
222,,,,,,,,KIR,,,,2500,2.469135802,,0.220115751,-0.48976177,0.843560576,-0.155254602,,,,,,,,,,,,,,0.978859186
223,,,,,,,,PSE,,221000,740,10000,10.63122924,,-0.453321278,-0.473778814,-2.160502195,-0.505850732,,,,,,,,,,,,,,-0.98578614
224,,,,,,,,TUV,,,,5400,..,,-0.032991812,-0.96350503,1.39128828,0.357040435,,,,,,,,,,,,,,1.068523526
225,,,,,,,,VUT,,,,65000,1.640689089,,-0.116807334,-0.783601284,0.478408933,0.104127094,25.33,25.44,25.23,24.48,23.52,22.79,22.24,22.22,22.49,23.26,24.28,24.81,23.84,0.592932522
226,,,,,,,,XKX,,17000,,,..,,-0.535536468,-0.409619868,-0.199357048,-0.464693993,,,,,,,,,,,,,,-0.150832325
227,,,,,,,,ASM,,,,,15,,1.218488932,0.487578034,1.181357265,1.345253229,,,,,,,,,,,,,,..
228,,,,,,,,AND,,,,,1.723404255,,1.218488932,1.787497282,1.39128828,1.576003432,,,,,,,,,,,,,,1.194394946
229,,,,,,,,ABW,,,,,11.11111111,,1.29709661,0.883769929,1.230921268,1.261039615,,,,,,,,,,,,,,1.273855329
230,,,,,,,,BMU,,,,,6,,1.218488932,1.00754571,0.983049035,0.883752644,,,,,,,,,,,,,,..
231,,,,,,,,VGB,,,,,6.666666667,,,,,,,,,,,,,,,,,,,
232,,,,,,,,CYM,,,,,0.833333333,,1.019112229,1.167015076,1.153417587,0.81687969,,,,,,,,,,,,,,0.469122529
233,,,,,,,,CHI,,,,,20.52631579,,,,,,,,,,,,,,,,,,,
234,,,,,,,,CUW,,,,,..,,,,,,,,,,,,,,,,,,,
235,,,,,,,,FRO,,,,,2.148997135,,,,,,,,,,,,,,,,,,,
236,,,,,,,,PYF,,,,,0.683060109,,,,,,,,,,,,,,,,,,,
237,,,,,,,,GIB,,,,,..,,,,,,,,,,,,,,,,,,,
238,,,,,,,,GUM,,,,,1.851851852,,1.218488932,0.487578034,0.807903051,1.345253229,,,,,,,,,,,,,,..
239,,,,,,,,HKG,,,,,2.952380952,,1.651295543,1.909479976,1.04629457,1.825626493,,,,,,,,,,,,,,0.514768839
240,,,,,,,,IMN,,,,,40.70175439,,,,,,,,,,,,,,,,,,,
241,,,,,,,,LIE,,,,,13.5,,2.064363241,1.689331651,1.457840443,1.685917139,,,,,,,,,,,,,,1.38757658
242,,,,,,,,MAC,,,,,..,,0.611759305,1.450260043,1.202256441,0.923683226,,,,,,,,,,,,,,-0.067366041
243,,,,,,,,MHL,,,,,11.11111111,,-0.115129687,-1.601203799,0.919473767,-0.212627977,,,,,,,,,,,,,,1.178745627
244,,,,,,,,MCO,,,,,..,,..,..,0.991801858,..,,,,,,,,,,,,,,1.017086744
245,,,,,,,,NRU,,,,,..,,-0.524677753,-0.536278367,0.54376024,-1.086187959,,,,,,,,,,,,,,0.546806276
246,,,,,,,,NCL,,,,,0.341356674,,,,,,24.72,24.85,24.36,22.95,21.36,20.09,18.97,19.02,19.65,21.16,22.66,23.79,21.96,
247,,,,,,,,MNP,,,,,2.173913043,,,,,,,,,,,,,,,,,,,
248,,,,,,,,PLW,,,,,2.173913043,,-0.524677753,-0.536278367,0.919473767,0.244675294,,,,,,,,,,,,,,1.200789928
249,,,,,,,,SMR,,,,,16.66666667,,..,..,0.919473767,..,,,,,,,,,,,,,,1.189767718
250,,,,,,,,SXM,,,,,..,,,,,,,,,,,,,,,,,,,
251,,,,,,,,KNA,,,,,19.23076923,,0.504498124,0.117436104,0.582326353,0.479531676,,,,,,,,,,,,,,0.847392201
252,,,,,,,,LCA,,,,,4.918032787,,0.617759764,-0.079123132,0.853690803,0.672854125,,,,,,,,,,,,,,1.022595406
253,,,,,,,,MAF,,,,,..,,,,,,,,,,,,,,,,,,,
254,,,,,,,,VCT,,,,,12.82051282,,0.674695849,0.029985474,1.004724503,0.59287852,25.31,25.3,25.9,26.68,27.72,27.92,27.61,27.7,27.61,27.32,26.88,25.89,26.82,0.968703866
255,,,,,,,,TON,,,,,25,,-0.467383295,-0.330137938,0.88633436,-0.200851694,,,,,,,,,,,,,,0.661607802
256,,,,,,,,TCA,,,,,1.052631579,,,,,,,,,,,,,,,,,,,
257,,,,,,,,VIR,,,,,2.857142857,,0.632476032,1.267529607,1.249272108,0.883752644,23.94,24.1,24.47,25.23,26.05,26.72,26.87,27.13,27.15,26.67,25.86,24.72,25.74,..
258,,,,,,,,ARB,,,,,4.369313548,,,,,,,,,,,,,,,,,,,
259,,,,,,,,CSS,,,,,1.859948129,,,,,,,,,,,,,,,,,,,
260,,,,,,,,CEB,,,,,33.6828723,,,,,,,,,,,,,,,,,,,
261,,,,,,,,EAR,,,,,13.0669659,,,,,,,,,,,,,,,,,,,
262,,,,,,,,EAS,,,,,10.07349426,,,,,,,,,,,,,,,,,,,
263,,,,,,,,EAP,,,,,12.10725442,,,,,,,,,,,,,,,,,,,
264,,,,,,,,TEA,,,,,12.05043835,,,,,,,,,,,,,,,,,,,
265,,,,,,,,EMU,,,,,24.23768108,,,,,,,,,,,,,,,,,,,
266,,,,,,,,ECS,,,,,12.31587224,,,,,,,,,,,,,,,,,,,
267,,,,,,,,ECA,,,,,10.68346838,,,,,,,,,,,,,,,,,,,
268,,,,,,,,TEC,,,,,11.01497585,,,,,,,,,,,,,,,,,,,
269,,,,,,,,EUU,,,,,25.34288418,,,,,,,,,,,,,,,,,,,
270,,,,,,,,FCS,,,,,6.158153139,,,,,,,,,,,,,,,,,,,
271,,,,,,,,HPC,,,,,8.344510453,,,,,,,,,,,,,,,,,,,
272,,,,,,,,HIC,,,,,10.05956745,,,,,,,,,,,,,,,,,,,
273,,,,,,,,IBD,,,,,11.61992806,,,,,,,,,,,,,,,,,,,
274,,,,,,,,IBT,,,,,11.31353055,,,,,,,,,,,,,,,,,,,
275,,,,,,,,IDB,,,,,14.87185749,,,,,,,,,,,,,,,,,,,
276,,,,,,,,IDX,,,,,9.232568302,,,,,,,,,,,,,,,,,,,
277,,,,,,,,IDA,,,,,10.50530186,,,,,,,,,,,,,,,,,,,
278,,,,,,,,LTE,,,,,9.702451789,,,,,,,,,,,,,,,,,,,
279,,,,,,,,LCN,,,,,8.754976338,,,,,,,,,,,,,,,,,,,
280,,,,,,,,LAC,,,,,8.987287144,,,,,,,,,,,,,,,,,,,
281,,,,,,,,TLA,,,,,8.654403175,,,,,,,,,,,,,,,,,,,
282,,,,,,,,LDC,,,,,8.733353004,,,,,,,,,,,,,,,,,,,
283,,,,,,,,LMY,,,,,11.3357893,,,,,,,,,,,,,,,,,,,
284,,,,,,,,LIC,,,,,9.524532587,,,,,,,,,,,,,,,,,,,
285,,,,,,,,LMC,,,,,17.43622809,,,,,,,,,,,,,,,,,,,
286,,,,,,,,MEA,,,,,4.723223472,,,,,,,,,,,,,,,,,,,
287,,,,,,,,MNA,,,,,5.689569138,,,,,,,,,,,,,,,,,,,
288,,,,,,,,TMN,,,,,5.6861241,,,,,,,,,,,,,,,,,,,
289,,,,,,,,MIC,,,,,11.63384543,,,,,,,,,,,,,,,,,,,
290,,,,,,,,NAC,,,,,10.73786606,,,,,,,,,,,,,,,,,,,
291,,,,,,,,INX,,,,,..,,,,,,,,,,,,,,,,,,,
292,,,,,,,,OED,,,,,11.24169953,,,,,,,,,,,,,,,,,,,
293,,,,,,,,OSS,,,,,2.077215396,,,,,,,,,,,,,,,,,,,
294,,,,,,,,PSS,,,,,3.71005456,,,,,,,,,,,,,,,,,,,
295,,,,,,,,PST,,,,,11.92113241,,,,,,,,,,,,,,,,,,,
296,,,,,,,,PRE,,,,,9.193269446,,,,,,,,,,,,,,,,,,,
297,,,,,,,,SST,,,,,2.08393057,,,,,,,,,,,,,,,,,,,
298,,,,,,,,SAS,,,,,43.16183308,,,,,,,,,,,,,,,,,,,
299,,,,,,,,TSA,,,,,43.16183308,,,,,,,,,,,,,,,,,,,
300,,,,,,,,SSF,,,,,8.976406534,,,,,,,,,,,,,,,,,,,
301,,,,,,,,SSA,,,,,8.976575014,,,,,,,,,,,,,,,,,,,
302,,,,,,,,TSS,,,,,8.976406534,,,,,,,,,,,,,,,,,,,
303,,,,,,,,UMC,,,,,9.325669666,,,,,,,,,,,,,,,,,,,
304,,,,,,,,WLD,,,,,10.9912881,,,,,,,,,,,,,,,,,,,
305,Aruba,,,,,,,,,,,,,11.11111111,,,,,,,,,,,,,,,,,,
306,Andorra,,,,,,,,,,,,,1.723404255,,,,,,,,,,,,,,,,,,
307,Arab World,,,,,,,,,,,,,4.369313548,,,,,,,,,,,,,,,,,,
308,American Samoa,,,,,,,,,,,,,15,,,,,,,,,,,,,,,,,,
309,"Bahamas, The",,,,,,,,,,,,,0.799200799,,,,,,,,,,,,,,,,,,
310,Bermuda,,,,,,,,,,,,,6,,,,,,,,,,,,,,,,,,
311,Central Europe and the Baltics,,,,,,,,,,,,,33.6828723,,,,,,,,,,,,,,,,,,
312,Channel Islands,,,,,,,,,,,,,20.52631579,,,,,,,,,,,,,,,,,,
313,Cabo Verde,,,,,,,,,,,,,12.40694789,,,,,,,,,,,,,,,,,,
314,Caribbean small states,,,,,,,,,,,,,1.859948129,,,,,,,,,,,,,,,,,,
315,Curacao,,,,,,,,,,,,,,,,,,,,,,,,,,,,,,,
316,Cayman Islands,,,,,,,,,,,,,0.833333333,,,,,,,,,,,,,,,,,,
317,Dominica,,,,,,,,,,,,,8,,,,,,,,,,,,,,,,,,
318,East Asia & Pacific (excluding high income),,,,,,,,,,,,,12.10725442,,,,,,,,,,,,,,,,,,
319,Early-demographic dividend,,,,,,,,,,,,,13.0669659,,,,,,,,,,,,,,,,,,
320,East Asia & Pacific,,,,,,,,,,,,,10.07349426,,,,,,,,,,,,,,,,,,
321,Europe & Central Asia (excluding high income),,,,,,,,,,,,,10.68346838,,,,,,,,,,,,,,,,,,
322,Europe & Central Asia,,,,,,,,,,,,,12.31587224,,,,,,,,,,,,,,,,,,
323,Euro area,,,,,,,,,,,,,24.23768108,,,,,,,,,,,,,,,,,,
324,European Union,,,,,,,,,,,,,25.34288418,,,,,,,,,,,,,,,,,,
325,Fragile and conflict affected situations,,,,,,,,,,,,,6.158153139,,,,,,,,,,,,,,,,,,
326,Faroe Islands,,,,,,,,,,,,,2.148997135,,,,,,,,,,,,,,,,,,
327,"Micronesia, Fed. Sts.",,,,,,,,,,,,,2.857142857,,,,,,,,,,,,,,,,,,
328,Gibraltar,,,,,,,,,,,,,,,,,,,,,,,,,,,,,,,
329,Greenland,,,,,,,,,,,,,0.002192715,,,,,,,,,,,,,,,,,,
330,Guam,,,,,,,,,,,,,1.851851852,,,,,,,,,,,,,,,,,,
331,High income,,,,,,,,,,,,,10.05956745,,,,,,,,,,,,,,,,,,
332,"Hong Kong SAR, China",,,,,,,,,,,,,2.952380952,,,,,,,,,,,,,,,,,,
333,Heavily indebted poor countries (HIPC),,,,,,,,,,,,,8.344510453,,,,,,,,,,,,,,,,,,
334,IBRD only,,,,,,,,,,,,,11.61992806,,,,,,,,,,,,,,,,,,
335,IDA & IBRD total,,,,,,,,,,,,,11.31353055,,,,,,,,,,,,,,,,,,
336,IDA total,,,,,,,,,,,,,10.50530186,,,,,,,,,,,,,,,,,,
337,IDA blend,,,,,,,,,,,,,14.87185749,,,,,,,,,,,,,,,,,,
338,IDA only,,,,,,,,,,,,,9.232568302,,,,,,,,,,,,,,,,,,
339,Isle of Man,,,,,,,,,,,,,40.70175439,,,,,,,,,,,,,,,,,,
340,Not classified,,,,,,,,,,,,,,,,,,,,,,,,,,,,,,,
341,Israel,,,,,,,,,,,,,13.73382625,,,,,,,,,,,,,,,,,,
342,Kiribati,,,,,,,,,,,,,2.469135802,,,,,,,,,,,,,,,,,,
343,St. Kitts and Nevis,,,,,,,,,,,,,19.23076923,,,,,,,,,,,,,,,,,,
344,"Korea, Rep.",,,,,,,,,,,,,15.02359458,,,,,,,,,,,,,,,,,,
345,Latin America & Caribbean (excluding high income),,,,,,,,,,,,,8.987287144,,,,,,,,,,,,,,,,,,
346,St. Lucia,,,,,,,,,,,,,4.918032787,,,,,,,,,,,,,,,,,,
347,Latin America & Caribbean,,,,,,,,,,,,,8.754976338,,,,,,,,,,,,,,,,,,
348,Least developed countries: UN classification,,,,,,,,,,,,,8.733353004,,,,,,,,,,,,,,,,,,
349,Low income,,,,,,,,,,,,,9.524532587,,,,,,,,,,,,,,,,,,
350,Liechtenstein,,,,,,,,,,,,,13.5,,,,,,,,,,,,,,,,,,
351,Lower middle income,,,,,,,,,,,,,17.43622809,,,,,,,,,,,,,,,,,,
352,Low & middle income,,,,,,,,,,,,,11.3357893,,,,,,,,,,,,,,,,,,
353,Late-demographic dividend,,,,,,,,,,,,,9.702451789,,,,,,,,,,,,,,,,,,
354,"Macao SAR, China",,,,,,,,,,,,,,,,,,,,,,,,,,,,,,,
355,St. Martin (French part),,,,,,,,,,,,,,,,,,,,,,,,,,,,,,,
356,Monaco,,,,,,,,,,,,,,,,,,,,,,,,,,,,,,,
357,Middle East & North Africa,,,,,,,,,,,,,4.723223472,,,,,,,,,,,,,,,,,,
358,Marshall Islands,,,,,,,,,,,,,11.11111111,,,,,,,,,,,,,,,,,,
359,Middle income,,,,,,,,,,,,,11.63384543,,,,,,,,,,,,,,,,,,
360,Middle East & North Africa (excluding high income),,,,,,,,,,,,,5.689569138,,,,,,,,,,,,,,,,,,
361,Northern Mariana Islands,,,,,,,,,,,,,2.173913043,,,,,,,,,,,,,,,,,,
362,North America,,,,,,,,,,,,,10.73786606,,,,,,,,,,,,,,,,,,
363,New Caledonia,,,,,,,,,,,,,0.341356674,,,,,,,,,,,,,,,,,,
364,Nauru,,,,,,,,,,,,,,,,,,,,,,,,,,,,,,,
365,OECD members,,,,,,,,,,,,,11.24169953,,,,,,,,,,,,,,,,,,
366,Other small states,,,,,,,,,,,,,2.077215396,,,,,,,,,,,,,,,,,,
367,Palau,,,,,,,,,,,,,2.173913043,,,,,,,,,,,,,,,,,,
368,Pre-demographic dividend,,,,,,,,,,,,,9.193269446,,,,,,,,,,,,,,,,,,
369,Puerto Rico,,,,,,,,,,,,,6.877113867,,,,,,,,,,,,,,,,,,
370,"Korea, Dem. PeopleÌs Rep.",,,,,,,,,,,,,19.51665144,,,,,,,,,,,,,,,,,,
371,West Bank and Gaza,,,,,,,,,,,,,10.63122924,,,,,,,,,,,,,,,,,,
372,Pacific island small states,,,,,,,,,,,,,3.71005456,,,,,,,,,,,,,,,,,,
373,Post-demographic dividend,,,,,,,,,,,,,11.92113241,,,,,,,,,,,,,,,,,,
374,French Polynesia,,,,,,,,,,,,,0.683060109,,,,,,,,,,,,,,,,,,
375,South Asia,,,,,,,,,,,,,43.16183308,,,,,,,,,,,,,,,,,,
376,San Marino,,,,,,,,,,,,,16.66666667,,,,,,,,,,,,,,,,,,
377,Sub-Saharan Africa (excluding high income),,,,,,,,,,,,,8.976575014,,,,,,,,,,,,,,,,,,
378,Sub-Saharan Africa,,,,,,,,,,,,,8.976406534,,,,,,,,,,,,,,,,,,
379,Small states,,,,,,,,,,,,,2.08393057,,,,,,,,,,,,,,,,,,
380,Sint Maarten (Dutch part),,,,,,,,,,,,,,,,,,,,,,,,,,,,,,,
381,Turks and Caicos Islands,,,,,,,,,,,,,1.052631579,,,,,,,,,,,,,,,,,,
382,East Asia & Pacific (IDA & IBRD countries),,,,,,,,,,,,,12.05043835,,,,,,,,,,,,,,,,,,
383,Europe & Central Asia (IDA & IBRD countries),,,,,,,,,,,,,11.01497585,,,,,,,,,,,,,,,,,,
384,Latin America & the Caribbean (IDA & IBRD countries),,,,,,,,,,,,,8.654403175,,,,,,,,,,,,,,,,,,
385,Middle East & North Africa (IDA & IBRD countries),,,,,,,,,,,,,5.6861241,,,,,,,,,,,,,,,,,,
386,Tonga,,,,,,,,,,,,,25,,,,,,,,,,,,,,,,,,
387,South Asia (IDA & IBRD),,,,,,,,,,,,,43.16183308,,,,,,,,,,,,,,,,,,
388,Sub-Saharan Africa (IDA & IBRD countries),,,,,,,,,,,,,8.976406534,,,,,,,,,,,,,,,,,,
389,Tuvalu,,,,,,,,,,,,,,,,,,,,,,,,,,,,,,,
390,Upper middle income,,,,,,,,,,,,,9.325669666,,,,,,,,,,,,,,,,,,
391,St. Vincent and the Grenadines,,,,,,,,,,,,,12.82051282,,,,,,,,,,,,,,,,,,
392,British Virgin Islands,,,,,,,,,,,,,6.666666667,,,,,,,,,,,,,,,,,,
393,Virgin Islands (U.S.),,,,,,,,,,,,,2.857142857,,,,,,,,,,,,,,,,,,
394,Vanuatu,,,,,,,,,,,,,1.640689089,,,,,,,,,,,,,,,,,,
395,World,,,,,,,,,,,,,10.9912881,,,,,,,,,,,,,,,,,,
396,Kosovo,,,,,,,,,,,,,,,,,,,,,,,,,,,,,,,
397,,,,,,,,AIA,,,,,,,1.218488932,1.00754571,1.249272108,-0.039248616,,,,,,,,,,,,,,..
398,,,,,,,,COK,,,,,,,..,..,..,..,,,,,,,,,,,,,,..
399,,,,,,,,JEY,,,,,,,1.19053793,1.299852252,1.529619813,1.701292872,,,,,,,,,,,,,,1.273855329
400,,,,,,,,MTQ,,,,,,,1.218488932,0.747561872,0.983049035,-0.039248616,,,,,,,,,,,,,,..
401,,,,,,,,ANT,,,,,,,..,..,..,..,,,,,,,,,,,,,,..
402,,,,,,,,NIU,,,,,,,..,..,..,..,,,,,,,,,,,,,,..
403,,,,,,,,REU,,,,,,,0.632476032,1.00754571,0.285934329,1.114503026,23.51,23.63,23.36,22.39,20.69,19,18.28,18.17,19.01,20.29,21.69,22.89,21.08,..
404,,,,,,,,ESH,,,,,,,,,,,17.72,19.14,20.87,22.18,24.23,26.25,28.94,28.96,27.72,25.22,21.73,17.73,23.39,
405,,,,,,,,FLK,,,,,,,,,,,9.37,9.48,8.41,6.25,3.95,2.62,2.02,2.58,3.65,5.45,7.04,8.66,5.79,
406,,,,,,,,GLP,,,,,,,,,,,23.61,23.43,23.81,24.41,25.31,26.05,26.25,26.33,26.13,25.7,25.15,24.12,25.02,
407,,,,,,,,KSV,,,,,,,,,,,-2.72,-0.74,3.17,8.08,12.98,16.24,18.48,18.4,14.73,9.25,3.84,-0.62,8.42,
408,,,,,,,,SJM,,,,,,,,,,,-18.31,-18.75,-17.88,-14.25,-6.32,0.08,4.1,2.72,-2.34,-8.36,-13.28,-17.13,-9.14,